Skill,Job Role
Python,Software Developer
Java,Software Developer
C++,Software Developer
C,Software Developer
JavaScript,Web Developer
HTML,Web Developer
CSS,Web Developer
SQL,Database Developer
MySQL,Database Developer
MongoDB,Database Developer
Machine Learning,Data Scientist
Deep Learning,AI Engineer
Natural Language Processing,AI Engineer
Computer Vision,AI Engineer
Data Science,Data Scientist
Pandas,Data Analyst
NumPy,Data Analyst
Matplotlib,Data Analyst
Scikit-learn,Data Scientist
TensorFlow,AI Engineer
Keras,AI Engineer
PyTorch,AI Engineer
Streamlit,ML Developer
Flask,Backend Developer
Django,Backend Developer
FastAPI,Backend Developer
Git,Software Developer
GitHub,Software Developer
Linux,System Engineer
Operating Systems,System Engineer
DBMS,Database Developer
Computer Networks,Network Engineer
Cloud Computing,Cloud Engineer
AWS,Cloud Engineer
Azure,Cloud Engineer
Docker,DevOps Engineer
Kubernetes,DevOps Engineer
Cyber Security,Security Analyst
Ethical Hacking,Security Analyst
Penetration Testing,Security Analyst
Problem Solving,Software Developer
Teamwork,Software Developer
Communication,Software Developer
Algorithms,Software Developer
Data Structures,Software Developer